"Date","Price","Open","High","Low","Vol.","Change %"
"11/30/2022","1,294.41","1,216.54","1,304.97","1,213.44","858.51K","6.40%"
"11/29/2022","1,216.55","1,167.73","1,226.35","1,159.72","549.93K","4.18%"
"11/28/2022","1,167.73","1,193.38","1,199.06","1,151.98","518.17K","-2.15%"
"11/27/2022","1,193.38","1,205.17","1,222.83","1,191.09","306.64K","-0.98%"
"11/26/2022","1,205.15","1,198.12","1,229.20","1,196.93","413.09K","0.59%"
"11/25/2022","1,198.12","1,203.77","1,204.75","1,172.63","426.96K","-0.47%"
"11/24/2022","1,203.77","1,185.70","1,217.38","1,180.91","544.83K","1.52%"
"11/23/2022","1,185.79","1,139.74","1,189.17","1,128.53","688.96K","4.04%"
"11/22/2022","1,139.74","1,107.46","1,141.58","1,077.85","815.18K","2.91%"
"11/21/2022","1,107.46","1,142.88","1,143.96","1,081.96","981.81K","-3.10%"
"11/20/2022","1,142.88","1,217.65","1,226.14","1,135.57","564.89K","-6.14%"
"11/19/2022","1,217.65","1,208.92","1,231.15","1,207.34","225.46K","0.86%"
"11/18/2022","1,207.31","1,206.99","1,225.39","1,201.47","388.69K","0.18%"
"11/17/2022","1,205.17","1,206.16","1,227.73","1,185.58","567.61K","-0.08%"
"11/16/2022","1,206.16","1,253.45","1,267.62","1,188.76","705.31K","-3.77%"
"11/15/2022","1,253.45","1,242.64","1,289.21","1,235.39","686.18K","0.87%"
"11/14/2022","1,242.64","1,221.47","1,289.01","1,175.42","1.01M","1.73%"
"11/13/2022","1,221.47","1,256.29","1,274.24","1,205.61","597.25K","-2.77%"
"11/12/2022","1,256.29","1,288.71","1,291.39","1,239.34","602.58K","-2.51%"
"11/11/2022","1,288.63","1,299.21","1,307.16","1,203.04","1.45M","-0.81%"
"11/10/2022","1,299.15","1,100.86","1,346.92","1,089.01","2.19M","18.01%"
"11/09/2022","1,100.84","1,335.26","1,337.19","1,076.29","2.92M","-17.56%"
"11/08/2022","1,335.25","1,567.54","1,576.10","1,241.18","2.87M","-14.82%"
"11/07/2022","1,567.57","1,570.71","1,608.06","1,547.29","719.30K","-0.21%"
"11/06/2022","1,570.86","1,626.86","1,637.44","1,565.79","464.26K","-3.45%"
"11/05/2022","1,627.07","1,645.03","1,664.42","1,623.48","404.02K","-1.09%"
"11/04/2022","1,645.01","1,531.06","1,666.17","1,528.60","1.07M","7.44%"
"11/03/2022","1,531.08","1,518.99","1,558.75","1,515.75","631.90K","0.79%"
"11/02/2022","1,519.04","1,579.59","1,618.82","1,503.29","1.14M","-3.84%"
"11/01/2022","1,579.64","1,572.89","1,609.10","1,564.69","593.31K","0.43%"
"10/31/2022","1,572.89","1,590.47","1,634.17","1,550.72","938.65K","-1.11%"
"10/30/2022","1,590.47","1,619.67","1,638.60","1,577.35","542.49K","-1.80%"
"10/29/2022","1,619.69","1,554.47","1,660.13","1,548.83","1.05M","4.20%"
"10/28/2022","1,554.47","1,514.14","1,572.66","1,489.99","966.35K","2.66%"
"10/27/2022","1,514.19","1,566.18","1,575.90","1,508.24","1.02M","-3.32%"
"10/26/2022","1,566.16","1,459.60","1,590.23","1,458.61","1.43M","7.30%"
"10/25/2022","1,459.60","1,343.88","1,522.06","1,335.38","1.28M","8.61%"
"10/24/2022","1,343.88","1,364.19","1,369.35","1,324.25","665.58K","-1.47%"
"10/23/2022","1,363.92","1,313.64","1,370.91","1,301.80","473.61K","3.83%"
"10/22/2022","1,313.64","1,299.76","1,318.84","1,294.61","244.20K","1.07%"
"10/21/2022","1,299.76","1,282.87","1,306.27","1,257.83","525.54K","1.32%"
"10/20/2022","1,282.87","1,285.33","1,310.47","1,272.79","483.19K","-0.19%"
"10/19/2022","1,285.32","1,310.81","1,313.46","1,282.44","406.74K","-1.94%"
"10/18/2022","1,310.81","1,331.40","1,341.21","1,287.58","625.85K","-1.53%"
"10/17/2022","1,331.12","1,305.95","1,338.39","1,296.45","498.15K","1.93%"
"10/16/2022","1,305.95","1,274.93","1,314.52","1,274.66","333.15K","2.46%"
"10/15/2022","1,274.57","1,296.74","1,301.48","1,264.86","321.11K","-1.71%"
"10/14/2022","1,296.74","1,287.33","1,342.01","1,284.08","734.03K","0.73%"
"10/13/2022","1,287.34","1,294.56","1,299.74","1,196.63","1.09M","-0.56%"
"10/12/2022","1,294.57","1,279.97","1,304.45","1,275.77","418.57K","1.14%"
"10/11/2022","1,279.97","1,290.00","1,297.59","1,269.35","498.63K","-0.78%"
"10/10/2022","1,290.04","1,323.17","1,337.58","1,288.68","451.44K","-2.52%"
"10/09/2022","1,323.41","1,315.08","1,328.55","1,308.15","210.50K","0.64%"
"10/08/2022","1,315.05","1,331.07","1,336.69","1,304.08","227.70K","-1.20%"
"10/07/2022","1,330.99","1,352.17","1,361.26","1,319.17","574.76K","-1.57%"
"10/06/2022","1,352.27","1,352.07","1,383.02","1,347.78","680.65K","0.01%"
"10/05/2022","1,352.07","1,361.51","1,364.03","1,317.58","564.42K","-0.69%"
"10/04/2022","1,361.48","1,323.37","1,367.30","1,318.87","550.05K","2.88%"
"10/03/2022","1,323.41","1,277.02","1,329.16","1,266.86","604.19K","3.74%"
"10/02/2022","1,275.74","1,311.80","1,317.41","1,272.38","432.45K","-2.75%"
"10/01/2022","1,311.80","1,328.73","1,333.61","1,303.22","293.02K","-1.27%"
"09/30/2022","1,328.73","1,336.05","1,372.44","1,316.62","866.63K","-0.55%"
"09/29/2022","1,336.08","1,337.34","1,351.61","1,289.66","871.66K","-0.10%"
"09/28/2022","1,337.37","1,328.23","1,354.75","1,261.29","1.08M","0.69%"
"09/27/2022","1,328.23","1,337.07","1,399.67","1,305.49","1.00M","-0.66%"
"09/26/2022","1,337.06","1,294.24","1,339.17","1,279.71","1.05M","3.31%"
"09/25/2022","1,294.26","1,317.01","1,335.73","1,271.87","579.09K","-1.73%"
"09/24/2022","1,317.00","1,327.91","1,348.91","1,307.96","559.42K","-0.83%"
"09/23/2022","1,327.96","1,326.12","1,356.74","1,264.91","1.16M","0.11%"
"09/22/2022","1,326.44","1,247.64","1,346.38","1,237.96","1.11M","6.31%"
"09/21/2022","1,247.74","1,323.34","1,388.38","1,222.29","1.39M","-5.71%"
"09/20/2022","1,323.33","1,375.96","1,384.39","1,315.03","765.14K","-3.83%"
"09/19/2022","1,376.00","1,334.82","1,391.50","1,284.50","1.11M","3.07%"
"09/18/2022","1,335.01","1,468.76","1,469.21","1,327.21","934.28K","-9.11%"
"09/17/2022","1,468.79","1,434.01","1,475.05","1,409.65","483.78K","2.43%"
"09/16/2022","1,434.01","1,472.63","1,483.43","1,410.90","829.01K","-2.62%"
"09/15/2022","1,472.64","1,637.89","1,653.55","1,461.16","1.66M","-10.09%"
"09/14/2022","1,637.92","1,574.41","1,646.09","1,556.97","858.28K","4.03%"
"09/13/2022","1,574.47","1,716.45","1,751.50","1,562.30","1.30M","-8.27%"
"09/12/2022","1,716.42","1,766.99","1,782.74","1,694.08","727.78K","-2.86%"
"09/11/2022","1,766.93","1,774.38","1,786.73","1,722.62","467.42K","-0.42%"
"09/10/2022","1,774.38","1,718.84","1,788.10","1,707.81","470.19K","3.23%"
"09/09/2022","1,718.81","1,635.33","1,743.47","1,631.17","969.87K","5.14%"
"09/08/2022","1,634.85","1,629.63","1,660.56","1,595.90","772.84K","0.33%"
"09/07/2022","1,629.51","1,557.85","1,657.05","1,493.19","976.59K","4.60%"
"09/06/2022","1,557.85","1,617.40","1,686.23","1,556.09","1.18M","-3.66%"
"09/05/2022","1,617.07","1,578.90","1,628.77","1,557.66","571.75K","2.42%"
"09/04/2022","1,578.89","1,557.35","1,580.81","1,541.16","339.06K","1.37%"
"09/03/2022","1,557.55","1,575.31","1,581.37","1,535.98","378.79K","-1.13%"
"09/02/2022","1,575.34","1,585.55","1,647.50","1,547.68","1.04M","-0.64%"
"09/01/2022","1,585.48","1,554.57","1,597.48","1,514.75","823.90K","1.95%"
"08/31/2022","1,555.12","1,523.39","1,617.09","1,523.39","1.07M","2.09%"
"08/30/2022","1,523.34","1,552.56","1,605.30","1,475.68","1.14M","-1.88%"
"08/29/2022","1,552.60","1,426.25","1,559.46","1,424.33","931.76K","8.86%"
"08/28/2022","1,426.25","1,490.88","1,507.92","1,424.69","633.35K","-4.33%"
"08/27/2022","1,490.83","1,508.32","1,518.14","1,449.31","866.82K","-1.14%"
"08/26/2022","1,508.08","1,695.38","1,703.32","1,490.67","1.34M","-11.05%"
"08/25/2022","1,695.37","1,656.64","1,720.84","1,654.77","677.67K","2.34%"
"08/24/2022","1,656.64","1,665.30","1,691.25","1,606.06","827.20K","-0.50%"
"08/23/2022","1,664.89","1,626.70","1,672.63","1,564.37","1.05M","2.34%"
"08/22/2022","1,626.75","1,618.21","1,627.13","1,531.91","1.04M","0.53%"
"08/21/2022","1,618.25","1,575.61","1,644.88","1,563.92","852.07K","2.71%"
"08/20/2022","1,575.60","1,609.01","1,654.84","1,525.51","1.01M","-2.11%"
"08/19/2022","1,609.48","1,846.52","1,846.97","1,607.60","1.59M","-12.84%"
"08/18/2022","1,846.51","1,834.19","1,880.22","1,822.04","675.27K","0.67%"
"08/17/2022","1,834.18","1,876.69","1,956.54","1,821.00","1.10M","-2.27%"
"08/16/2022","1,876.70","1,900.08","1,914.06","1,856.44","725.78K","-1.24%"
"08/15/2022","1,900.25","1,935.10","2,012.02","1,873.70","1.09M","-1.80%"
"08/14/2022","1,935.10","1,983.52","2,028.40","1,909.19","662.15K","-2.44%"
"08/13/2022","1,983.50","1,957.62","2,018.97","1,946.65","798.08K","1.32%"
"08/12/2022","1,957.63","1,880.30","1,961.83","1,856.64","834.69K","4.11%"
"08/11/2022","1,880.28","1,853.50","1,931.06","1,850.72","1.31M","1.45%"
"08/10/2022","1,853.46","1,702.80","1,881.39","1,657.78","1.52M","8.85%"
"08/09/2022","1,702.80","1,778.15","1,789.55","1,668.79","960.58K","-4.25%"
"08/08/2022","1,778.42","1,700.26","1,813.45","1,694.69","951.02K","4.59%"
"08/07/2022","1,700.29","1,690.29","1,728.97","1,669.39","530.48K","0.59%"
"08/06/2022","1,690.27","1,737.66","1,749.33","1,687.74","696.11K","-2.73%"
"08/05/2022","1,737.71","1,607.00","1,740.33","1,605.71","1.21M","8.14%"
"08/04/2022","1,606.94","1,618.07","1,661.15","1,581.18","881.56K","-0.69%"
"08/03/2022","1,618.08","1,631.46","1,682.23","1,591.60","906.08K","-0.82%"
"08/02/2022","1,631.48","1,630.07","1,675.51","1,560.17","1.25M","0.08%"
"08/01/2022","1,630.10","1,679.98","1,702.81","1,607.29","959.53K","-2.97%"
"07/31/2022","1,680.00","1,695.99","1,752.94","1,667.41","822.23K","-0.94%"
"07/30/2022","1,695.97","1,720.80","1,741.34","1,674.42","891.42K","-1.44%"
"07/29/2022","1,720.77","1,725.97","1,764.74","1,658.26","1.44M","-0.30%"
"07/28/2022","1,726.01","1,635.99","1,781.39","1,597.67","1.87M","5.50%"
"07/27/2022","1,636.01","1,449.65","1,643.70","1,421.17","1.80M","12.77%"
"07/26/2022","1,450.70","1,438.76","1,451.46","1,357.70","1.42M","0.85%"
"07/25/2022","1,438.52","1,598.19","1,608.06","1,438.50","1.65M","-9.99%"
"07/24/2022","1,598.19","1,549.61","1,659.93","1,547.70","1.18M","3.14%"
"07/23/2022","1,549.61","1,534.85","1,596.02","1,490.35","1.03M","0.96%"
"07/22/2022","1,534.85","1,575.68","1,644.99","1,520.36","1.43M","-2.59%"
"07/21/2022","1,575.68","1,520.66","1,600.35","1,465.93","1.55M","3.62%"
"07/20/2022","1,520.64","1,543.45","1,618.43","1,488.73","1.65M","-1.48%"
"07/19/2022","1,543.50","1,584.33","1,620.35","1,494.88","2.18M","-2.60%"
"07/18/2022","1,584.77","1,337.92","1,590.95","1,336.75","2.37M","18.46%"
"07/17/2022","1,337.85","1,356.00","1,385.23","1,323.23","1.41M","-1.34%"
"07/16/2022","1,356.08","1,231.03","1,399.16","1,192.18","1.77M","10.16%"
"07/15/2022","1,231.03","1,192.83","1,284.76","1,182.22","1.74M","3.21%"
"07/14/2022","1,192.75","1,115.80","1,210.17","1,072.58","1.86M","6.89%"
"07/13/2022","1,115.83","1,038.60","1,116.51","1,012.29","2.48M","7.44%"
"07/12/2022","1,038.56","1,096.41","1,097.75","1,035.82","1.49M","-5.28%"
"07/11/2022","1,096.43","1,167.35","1,170.63","1,093.28","1.34M","-6.08%"
"07/10/2022","1,167.35","1,216.94","1,219.26","1,155.25","1.12M","-4.07%"
"07/09/2022","1,216.94","1,216.26","1,232.69","1,205.26","644.47K","0.05%"
"07/08/2022","1,216.33","1,238.10","1,275.69","1,194.15","1.45M","-1.76%"
"07/07/2022","1,238.15","1,186.48","1,252.69","1,163.85","1.18M","4.36%"
"07/06/2022","1,186.45","1,133.87","1,202.09","1,112.02","1.42M","4.63%"
"07/05/2022","1,133.90","1,151.19","1,170.97","1,079.36","1.59M","-1.50%"
"07/04/2022","1,151.19","1,074.07","1,159.76","1,045.97","1.35M","7.18%"
"07/03/2022","1,074.08","1,066.60","1,086.90","1,041.82","755.27K","0.70%"
"07/02/2022","1,066.60","1,059.05","1,077.66","1,029.03","865.06K","0.72%"
"07/01/2022","1,058.94","1,069.13","1,110.25","1,035.79","1.89M","-0.95%"
"06/30/2022","1,069.05","1,099.51","1,105.88","1,000.77","1.71M","-2.77%"
"06/29/2022","1,099.51","1,143.95","1,155.02","1,088.10","1.54M","-3.89%"
"06/28/2022","1,143.97","1,191.02","1,234.96","1,137.57","1.32M","-3.94%"
"06/27/2022","1,190.84","1,198.03","1,237.14","1,176.77","1.07M","-0.60%"
"06/26/2022","1,198.03","1,241.80","1,276.81","1,196.20","1.13M","-3.52%"
"06/25/2022","1,241.76","1,224.96","1,255.55","1,181.11","1.03M","1.37%"
"06/24/2022","1,225.03","1,144.33","1,244.82","1,132.87","1.66M","7.07%"
"06/23/2022","1,144.19","1,049.02","1,152.97","1,046.57","1.57M","9.07%"
"06/22/2022","1,049.02","1,125.96","1,127.06","1,045.37","1.58M","-6.83%"
"06/21/2022","1,125.96","1,128.29","1,192.27","1,110.63","1.60M","-0.21%"
"06/20/2022","1,128.32","1,128.39","1,165.62","1,056.58","2.04M","-0.01%"
"06/19/2022","1,128.39","995.49","1,152.07","938.24","2.42M","13.34%"
"06/18/2022","995.61","1,086.47","1,096.93","883.35","2.77M","-8.36%"
"06/17/2022","1,086.47","1,068.49","1,116.46","1,052.17","1.45M","1.68%"
"06/16/2022","1,068.49","1,237.92","1,254.28","1,052.65","1.76M","-13.69%"
"06/15/2022","1,237.92","1,208.82","1,244.80","1,016.99","3.73M","2.24%"
"06/14/2022","1,210.84","1,206.67","1,261.39","1,078.11","3.27M","0.35%"
"06/13/2022","1,206.67","1,434.43","1,454.07","1,168.68","4.39M","-15.94%"
"06/12/2022","1,435.46","1,531.50","1,542.01","1,430.93","1.82M","-6.27%"
"06/11/2022","1,531.42","1,663.04","1,681.58","1,503.15","1.44M","-7.91%"
"06/10/2022","1,663.02","1,788.15","1,803.54","1,657.30","1.13M","-6.99%"
"06/09/2022","1,788.06","1,792.81","1,832.70","1,778.00","625.76K","-0.28%"
"06/08/2022","1,793.00","1,813.05","1,837.41","1,766.94","1.09M","-1.14%"
"06/07/2022","1,813.72","1,859.99","1,870.99","1,727.77","1.64M","-2.49%"
"06/06/2022","1,859.99","1,806.11","1,919.40","1,804.77","939.37K","2.95%"
"06/05/2022","1,806.71","1,804.60","1,829.25","1,773.65","437.73K","0.13%"
"06/04/2022","1,804.37","1,775.28","1,815.19","1,748.89","442.10K","1.64%"
"06/03/2022","1,775.29","1,834.66","1,843.31","1,740.83","884.53K","-3.24%"
"06/02/2022","1,834.64","1,817.98","1,851.25","1,784.23","975.53K","0.91%"
"06/01/2022","1,818.07","1,941.81","1,971.22","1,770.85","1.29M","-6.37%"
"05/31/2022","1,941.79","1,998.46","2,015.02","1,928.93","933.24K","-2.84%"
"05/30/2022","1,998.46","1,813.56","2,009.95","1,804.33","1.04M","10.20%"
"05/29/2022","1,813.56","1,792.25","1,824.81","1,764.72","554.58K","1.16%"
"05/28/2022","1,792.68","1,724.67","1,807.79","1,722.88","658.23K","3.97%"
"05/27/2022","1,724.30","1,793.19","1,820.82","1,708.62","1.57M","-3.85%"
"05/26/2022","1,793.42","1,942.89","1,964.91","1,744.12","1.42M","-7.69%"
"05/25/2022","1,942.91","1,979.40","2,020.64","1,937.52","639.93K","-1.84%"
"05/24/2022","1,979.35","1,973.01","1,992.60","1,914.48","620.41K","0.33%"
"05/23/2022","1,972.93","2,043.19","2,086.21","1,959.57","738.09K","-3.44%"
"05/22/2022","2,043.19","1,975.12","2,055.15","1,966.34","425.98K","3.45%"
"05/21/2022","1,975.12","1,959.79","1,989.44","1,940.59","292.47K","0.78%"
"05/20/2022","1,959.85","2,019.36","2,061.08","1,923.86","699.69K","-2.95%"
"05/19/2022","2,019.34","1,913.99","2,039.71","1,903.67","858.97K","5.61%"
"05/18/2022","1,912.12","2,091.05","2,108.84","1,909.56","751.82K","-8.56%"
"05/17/2022","2,091.14","2,023.00","2,120.03","2,008.84","736.63K","3.37%"
"05/16/2022","2,022.93","2,145.86","2,145.86","1,979.93","950.85K","-5.73%"
"05/15/2022","2,145.86","2,056.33","2,161.78","2,001.74","589.77K","4.36%"
"05/14/2022","2,056.30","2,009.55","2,068.66","1,952.07","656.94K","2.33%"
"05/13/2022","2,009.53","1,955.59","2,146.22","1,941.53","1.34M","2.77%"
"05/12/2022","1,955.36","2,087.17","2,190.51","1,796.24","2.84M","-6.03%"
"05/11/2022","2,080.79","2,342.27","2,451.33","2,007.57","2.70M","-11.16%"
"05/10/2022","2,342.30","2,229.69","2,455.19","2,202.02","1.95M","5.08%"
"05/09/2022","2,229.10","2,519.98","2,529.35","2,228.90","1.93M","-11.54%"
"05/08/2022","2,519.98","2,636.03","2,641.84","2,492.59","925.40K","-4.40%"
"05/07/2022","2,636.03","2,692.92","2,703.11","2,589.29","458.05K","-2.11%"
"05/06/2022","2,692.88","2,747.60","2,757.14","2,635.85","881.18K","-1.99%"
"05/05/2022","2,747.46","2,940.70","2,952.84","2,730.95","899.82K","-6.57%"
"05/04/2022","2,940.70","2,781.47","2,963.54","2,773.90","662.07K","5.72%"
"05/03/2022","2,781.47","2,856.01","2,861.42","2,757.36","447.80K","-2.61%"
"05/02/2022","2,856.01","2,825.65","2,879.99","2,780.08","617.74K","1.07%"
"05/01/2022","2,825.80","2,727.20","2,847.02","2,720.57","512.01K","3.62%"
"04/30/2022","2,727.18","2,817.14","2,841.16","2,716.31","430.98K","-3.18%"
"04/29/2022","2,816.66","2,937.01","2,946.18","2,778.33","629.56K","-4.10%"
"04/28/2022","2,937.01","2,889.01","2,977.78","2,856.42","726.03K","1.66%"
"04/27/2022","2,888.99","2,810.42","2,916.39","2,795.58","602.24K","2.80%"
"04/26/2022","2,810.42","3,006.04","3,032.70","2,768.38","694.46K","-6.51%"
"04/25/2022","3,006.04","2,922.03","3,023.23","2,800.21","807.69K","2.88%"
"04/24/2022","2,922.03","2,931.90","2,966.94","2,915.66","269.29K","-0.34%"
"04/23/2022","2,931.90","2,963.00","2,977.45","2,917.84","227.07K","-1.05%"
"04/22/2022","2,963.00","2,983.91","3,029.14","2,937.47","544.89K","-0.70%"
"04/21/2022","2,983.95","3,076.06","3,176.69","2,950.97","675.44K","-3.00%"
"04/20/2022","3,076.38","3,101.79","3,161.90","3,037.67","512.72K","-0.83%"
"04/19/2022","3,102.01","3,055.86","3,128.86","3,030.32","427.14K","1.52%"
"04/18/2022","3,055.64","2,989.05","3,069.07","2,887.25","681.76K","2.23%"
"04/17/2022","2,989.05","3,058.96","3,081.14","2,983.17","311.54K","-2.29%"
"04/16/2022","3,058.96","3,042.01","3,084.84","3,011.47","245.47K","0.56%"
"04/15/2022","3,042.01","3,021.93","3,056.84","2,996.62","309.95K","0.66%"
"04/14/2022","3,021.93","3,117.21","3,143.18","2,980.84","546.54K","-3.05%"
"04/13/2022","3,116.92","3,027.64","3,128.20","2,999.66","563.89K","2.96%"
"04/12/2022","3,027.25","2,978.45","3,082.02","2,951.80","790.54K","1.64%"
"04/11/2022","2,978.29","3,201.99","3,213.52","2,953.66","876.67K","-6.98%"
"04/10/2022","3,201.84","3,259.59","3,306.14","3,198.10","327.86K","-1.76%"
"04/09/2022","3,259.35","3,193.54","3,268.18","3,182.10","283.24K","2.05%"
"04/08/2022","3,193.93","3,228.83","3,311.42","3,174.14","654.82K","-1.08%"
"04/07/2022","3,228.84","3,169.58","3,268.56","3,143.96","569.39K","1.87%"
"04/06/2022","3,169.58","3,406.83","3,406.87","3,164.24","950.59K","-6.96%"
"04/05/2022","3,406.78","3,520.35","3,554.54","3,400.74","500.27K","-3.23%"
"04/04/2022","3,520.41","3,521.16","3,544.92","3,412.01","547.68K","-0.02%"
"04/03/2022","3,521.10","3,442.34","3,579.82","3,414.40","473.54K","2.29%"
"04/02/2022","3,442.34","3,456.18","3,529.63","3,436.79","629.29K","-0.40%"
"04/01/2022","3,456.18","3,282.33","3,478.74","3,215.33","649.92K","5.30%"
"03/31/2022","3,282.35","3,385.60","3,444.43","3,263.36","545.44K","-3.05%"
"03/30/2022","3,385.64","3,401.86","3,445.98","3,333.50","425.38K","-0.48%"
"03/29/2022","3,401.89","3,329.67","3,481.23","3,329.67","570.03K","2.18%"
"03/28/2022","3,329.38","3,295.73","3,428.41","3,275.32","628.91K","0.98%"
"03/27/2022","3,297.04","3,145.95","3,297.40","3,126.46","402.02K","4.80%"
"03/26/2022","3,146.01","3,103.43","3,150.09","3,085.80","244.28K","1.37%"
"03/25/2022","3,103.51","3,110.80","3,192.73","3,081.71","583.25K","-0.18%"
"03/24/2022","3,109.25","3,036.18","3,126.37","3,005.99","699.58K","2.41%"
"03/23/2022","3,036.12","2,969.64","3,042.28","2,925.78","536.63K","2.24%"
"03/22/2022","2,969.64","2,891.41","3,048.32","2,887.69","716.47K","2.70%"
"03/21/2022","2,891.63","2,861.66","2,960.42","2,830.38","546.61K","1.05%"
"03/20/2022","2,861.69","2,950.03","2,962.19","2,819.27","436.11K","-2.99%"
"03/19/2022","2,949.92","2,939.76","2,984.00","2,895.30","392.64K","0.35%"
"03/18/2022","2,939.76","2,812.29","2,983.11","2,768.65","1.59B","4.53%"
"03/17/2022","2,812.29","2,773.80","2,832.61","2,747.06","1.06B","1.38%"
"03/16/2022","2,773.94","2,617.43","2,787.12","2,603.80","1.79B","5.98%"
"03/15/2022","2,617.43","2,589.54","2,667.61","2,510.75","1.19B","1.09%"
"03/14/2022","2,589.30","2,516.75","2,608.68","2,500.12","991.82M","2.88%"
"03/13/2022","2,516.75","2,569.80","2,600.65","2,494.59","811.55M","-2.06%"
"03/12/2022","2,569.80","2,556.96","2,612.33","2,555.85","567.25M","0.50%"
"03/11/2022","2,556.96","2,606.50","2,670.05","2,525.20","1.28B","-1.90%"
"03/10/2022","2,606.50","2,726.94","2,731.37","2,559.90","1.46B","-4.42%"
"03/09/2022","2,726.94","2,577.21","2,772.09","2,569.13","1.52B","5.81%"
"03/08/2022","2,577.21","2,492.53","2,623.99","2,483.29","1.44B","3.40%"
"03/07/2022","2,492.53","2,549.40","2,645.41","2,447.74","1.58B","-2.23%"
"03/06/2022","2,549.40","2,665.42","2,673.19","2,542.19","881.09M","-4.35%"
"03/05/2022","2,665.42","2,622.15","2,684.50","2,592.07","709.87M","1.65%"
"03/04/2022","2,622.15","2,834.78","2,835.94","2,575.63","1.50B","-7.50%"
"03/03/2022","2,834.91","2,947.03","2,967.90","2,789.87","521.36K","-3.81%"
"03/02/2022","2,947.14","2,975.80","3,041.84","2,914.70","740.37K","-0.96%"
"03/01/2022","2,975.81","2,922.44","3,036.59","2,858.54","828.62K","1.82%"
"02/28/2022","2,922.50","2,616.34","2,949.44","2,574.12","899.19K","11.70%"
"02/27/2022","2,616.34","2,779.55","2,834.61","2,562.94","804.74K","-5.78%"
"02/26/2022","2,776.96","2,767.58","2,856.01","2,734.56","520.44K","0.34%"
"02/25/2022","2,767.53","2,596.52","2,830.31","2,573.39","828.87K","6.59%"
"02/24/2022","2,596.52","2,578.54","2,732.02","2,303.07","1.85M","0.71%"
"02/23/2022","2,578.15","2,637.38","2,749.80","2,578.15","636.50K","-2.20%"
"02/22/2022","2,636.13","2,569.19","2,663.01","2,501.40","841.13K","2.58%"
"02/21/2022","2,569.87","2,619.32","2,755.58","2,560.24","996.71K","-1.89%"
"02/20/2022","2,619.32","2,763.97","2,764.46","2,577.52","508.49K","-5.23%"
"02/19/2022","2,763.81","2,779.44","2,829.20","2,699.70","377.08K","-0.57%"
"02/18/2022","2,779.56","2,893.78","2,943.14","2,754.15","623.19K","-3.96%"
"02/17/2022","2,894.03","3,122.33","3,159.83","2,855.66","661.98K","-7.21%"
"02/16/2022","3,118.90","3,182.32","3,184.88","3,045.92","416.70K","-1.99%"
"02/15/2022","3,182.27","2,929.29","3,193.18","2,912.61","540.04K","8.64%"
"02/14/2022","2,929.31","2,871.06","2,963.70","2,834.13","477.24K","2.06%"
"02/13/2022","2,870.25","2,917.16","2,952.94","2,838.29","303.12K","-1.61%"
"02/12/2022","2,917.10","2,927.64","2,984.72","2,858.85","433.29K","-0.36%"
"02/11/2022","2,927.63","3,071.80","3,136.33","2,880.60","607.93K","-4.69%"
"02/10/2022","3,071.83","3,243.73","3,277.36","3,058.59","742.54K","-5.30%"
"02/09/2022","3,243.62","3,115.91","3,266.41","3,055.95","477.82K","4.10%"
"02/08/2022","3,115.88","3,139.65","3,228.86","3,029.70","664.45K","-0.77%"
"02/07/2022","3,140.18","3,056.29","3,185.77","2,995.59","568.42K","2.75%"
"02/06/2022","3,056.20","3,013.75","3,073.23","2,957.16","316.58K","1.41%"
"02/05/2022","3,013.81","2,994.74","3,058.88","2,963.11","473.62K","0.63%"
"02/04/2022","2,994.99","2,692.80","2,994.99","2,671.72","908.75K","11.22%"
"02/03/2022","2,692.80","2,680.66","2,723.97","2,579.80","549.27K","0.44%"
"02/02/2022","2,681.00","2,787.16","2,809.57","2,618.07","602.40K","-3.81%"
"02/01/2022","2,787.16","2,686.82","2,808.60","2,676.32","521.74K","3.73%"
"01/31/2022","2,686.82","2,602.71","2,704.64","2,478.85","601.73K","3.23%"
"01/30/2022","2,602.77","2,600.12","2,636.04","2,543.99","381.84K","0.11%"
"01/29/2022","2,600.02","2,545.95","2,632.51","2,520.14","484.18K","2.12%"
"01/28/2022","2,545.95","2,424.66","2,556.34","2,362.53","634.50K","5.00%"
"01/27/2022","2,424.66","2,462.25","2,515.19","2,317.30","774.54K","-1.49%"
"01/26/2022","2,461.41","2,458.07","2,719.32","2,405.66","1.05M","0.14%"
"01/25/2022","2,458.07","2,441.01","2,504.32","2,352.36","656.03K","0.70%"
"01/24/2022","2,441.01","2,540.81","2,540.81","2,161.55","1.56M","-3.93%"
"01/23/2022","2,540.81","2,412.52","2,547.19","2,373.85","766.83K","5.32%"
"01/22/2022","2,412.52","2,570.67","2,621.21","2,311.80","1.48M","-6.17%"
"01/21/2022","2,571.29","3,000.21","3,032.69","2,471.80","1.42M","-14.43%"
"01/20/2022","3,004.72","3,084.48","3,270.71","2,989.19","481.08K","-2.56%"
"01/19/2022","3,083.65","3,160.15","3,173.63","3,049.30","459.81K","-2.42%"
"01/18/2022","3,160.15","3,209.43","3,242.47","3,084.48","399.19K","-1.53%"
"01/17/2022","3,209.35","3,346.63","3,356.45","3,142.40","375.28K","-4.10%"
"01/16/2022","3,346.59","3,326.50","3,388.22","3,276.44","295.68K","0.57%"
"01/15/2022","3,327.74","3,307.84","3,369.95","3,265.41","292.10K","0.60%"
"01/14/2022","3,307.90","3,241.95","3,341.24","3,195.65","415.18K","2.16%"
"01/13/2022","3,238.03","3,370.87","3,407.98","3,234.97","462.81K","-3.94%"
"01/12/2022","3,370.89","3,238.22","3,406.79","3,208.00","530.96K","4.11%"
"01/11/2022","3,237.89","3,084.64","3,262.78","3,053.40","505.21K","4.94%"
"01/10/2022","3,085.43","3,150.27","3,179.96","2,931.68","804.38K","-2.06%"
"01/09/2022","3,150.30","3,079.89","3,210.34","3,060.47","415.87K","2.28%"
"01/08/2022","3,080.02","3,198.14","3,244.46","3,001.76","566.06K","-3.61%"
"01/07/2022","3,195.31","3,407.22","3,413.26","3,077.30","979.25K","-6.23%"
"01/06/2022","3,407.77","3,536.15","3,550.19","3,306.14","701.89K","-3.62%"
"01/05/2022","3,535.86","3,784.47","3,846.44","3,418.46","582.71K","-6.69%"
"01/04/2022","3,789.52","3,764.62","3,889.07","3,715.24","415.81K","0.67%"
"01/03/2022","3,764.24","3,830.70","3,849.50","3,682.48","338.51K","-1.73%"
"01/02/2022","3,830.67","3,765.67","3,851.16","3,718.33","242.55K","1.73%"
"01/01/2022","3,765.67","3,677.69","3,775.20","3,675.75","239.54K","2.39%"
"12/31/2021","3,677.85","3,709.38","3,812.01","3,623.74","405.65K","-0.85%"
"12/30/2021","3,709.57","3,629.33","3,767.93","3,589.64","355.72K","2.25%"
"12/29/2021","3,627.93","3,792.95","3,825.97","3,607.20","456.03K","-4.32%"
"12/28/2021","3,791.69","4,036.86","4,036.86","3,760.86","527.23K","-6.06%"
"12/27/2021","4,036.24","4,062.02","4,125.22","4,033.04","313.32K","-0.62%"
"12/26/2021","4,061.27","4,093.38","4,104.23","4,005.38","283.58K","-0.78%"
"12/25/2021","4,093.14","4,043.60","4,136.03","4,024.87","308.53K","1.23%"
"12/24/2021","4,043.39","4,110.20","4,133.77","4,024.24","353.85K","-1.62%"
"12/23/2021","4,110.14","3,979.57","4,149.17","3,895.89","573.18K","3.28%"
"12/22/2021","3,979.54","4,016.25","4,072.40","3,944.15","426.43K","-0.92%"
"12/21/2021","4,016.59","3,944.03","4,058.76","3,915.56","496.71K","1.98%"
"12/20/2021","3,938.80","3,925.46","3,978.66","3,757.42","531.11K","0.34%"
"12/19/2021","3,925.34","3,959.90","4,025.36","3,890.90","442.49K","-0.87%"
"12/18/2021","3,959.83","3,878.20","3,993.05","3,769.91","475.86K","2.10%"
"12/17/2021","3,878.29","3,957.12","3,993.87","3,702.33","654.90K","-1.98%"
"12/16/2021","3,956.62","4,019.57","4,108.24","3,955.46","512.12K","-1.56%"
"12/15/2021","4,019.24","3,860.51","4,090.15","3,649.69","821.22K","4.08%"
"12/14/2021","3,861.55","3,782.12","3,879.43","3,690.06","577.61K","2.11%"
"12/13/2021","3,781.94","4,131.47","4,141.27","3,673.19","891.67K","-8.47%"
"12/12/2021","4,131.78","4,078.17","4,173.21","3,988.29","360.45K","1.38%"
"12/11/2021","4,075.66","3,903.52","4,094.92","3,836.92","581.26K","4.41%"
"12/10/2021","3,903.48","4,107.20","4,226.79","3,894.03","798.12K","-4.97%"
"12/09/2021","4,107.69","4,435.74","4,482.89","4,078.14","642.17K","-7.40%"
"12/08/2021","4,435.74","4,307.08","4,449.69","4,229.63","574.33K","2.99%"
"12/07/2021","4,307.08","4,351.36","4,424.20","4,259.45","550.78K","-1.06%"
"12/06/2021","4,353.31","4,194.95","4,373.23","3,922.65","993.79K","3.78%"
"12/05/2021","4,194.80","4,118.27","4,247.38","4,036.00","707.69K","1.73%"
"12/04/2021","4,123.46","4,219.30","4,237.56","3,533.02","1.52M","-2.27%"
"12/03/2021","4,219.30","4,512.90","4,646.73","4,047.07","942.77K","-6.51%"
"12/02/2021","4,512.90","4,583.28","4,629.75","4,437.53","608.07K","-1.54%"
"12/01/2021","4,583.28","4,628.72","4,778.14","4,525.33","669.18K","-0.99%"
"11/30/2021","4,628.90","4,443.22","4,749.12","4,349.21","973.46K","4.18%"
"11/29/2021","4,443.22","4,296.98","4,456.82","4,280.18","532.66K","3.40%"
"11/28/2021","4,296.98","4,095.16","4,297.63","3,980.24","487.53K","4.94%"
"11/27/2021","4,094.80","4,037.06","4,183.02","4,029.06","370.73K","1.49%"
"11/26/2021","4,034.53","4,520.30","4,548.10","3,917.43","1.00M","-10.75%"
"11/25/2021","4,520.30","4,270.73","4,549.74","4,248.90","578.65K","5.77%"
"11/24/2021","4,273.54","4,340.23","4,372.83","4,172.19","595.96K","-1.54%"
"11/23/2021","4,340.23","4,086.73","4,384.75","4,064.17","684.35K","6.20%"
"11/22/2021","4,086.95","4,268.07","4,311.46","4,026.75","717.08K","-4.24%"
"11/21/2021","4,268.08","4,409.02","4,422.60","4,246.20","446.23K","-3.19%"
"11/20/2021","4,408.85","4,295.27","4,434.27","4,206.75","462.99K","2.64%"
"11/19/2021","4,295.43","3,996.29","4,305.41","3,978.08","571.96K","7.34%"
"11/18/2021","4,001.87","4,290.31","4,342.74","3,958.44","792.38K","-6.74%"
"11/17/2021","4,290.88","4,208.29","4,298.30","4,071.01","664.94K","1.97%"
"11/16/2021","4,208.16","4,562.97","4,562.97","4,115.31","1.12M","-7.78%"
"11/15/2021","4,562.98","4,625.71","4,769.38","4,543.47","495.96K","-1.35%"
"11/14/2021","4,625.59","4,644.40","4,692.76","4,514.95","340.96K","-0.41%"
"11/13/2021","4,644.61","4,665.76","4,705.02","4,585.37","290.27K","-0.49%"
"11/12/2021","4,667.31","4,720.50","4,807.16","4,511.96","634.59K","-1.13%"
"11/11/2021","4,720.87","4,633.98","4,778.17","4,578.66","418.61K","1.87%"
"11/10/2021","4,634.03","4,731.83","4,864.06","4,498.78","761.90K","-2.07%"
"11/09/2021","4,731.83","4,808.34","4,836.69","4,715.43","437.41K","-1.59%"
"11/08/2021","4,808.38","4,612.05","4,822.97","4,612.05","673.21K","4.26%"
"11/07/2021","4,612.06","4,517.27","4,634.39","4,502.70","337.81K","2.10%"
"11/06/2021","4,517.36","4,475.00","4,526.75","4,330.29","442.60K","0.95%"
"11/05/2021","4,475.00","4,534.96","4,569.31","4,439.67","409.75K","-1.33%"
"11/04/2021","4,535.11","4,601.93","4,604.83","4,421.87","495.86K","-1.46%"
"11/03/2021","4,602.21","4,586.96","4,661.88","4,458.87","634.68K","0.35%"
"11/02/2021","4,586.06","4,320.85","4,598.38","4,287.36","630.26K","6.14%"
"11/01/2021","4,320.85","4,287.41","4,376.94","4,157.51","574.26K","0.78%"
"10/31/2021","4,287.56","4,322.00","4,393.61","4,169.48","555.32K","-0.77%"
"10/30/2021","4,320.65","4,413.70","4,428.41","4,250.24","494.87K","-2.11%"
"10/29/2021","4,413.70","4,284.90","4,458.30","4,268.21","781.57K","3.01%"
"10/28/2021","4,284.90","3,921.54","4,289.80","3,896.33","865.80K","9.25%"
"10/27/2021","3,921.93","4,130.06","4,299.61","3,914.06","1.07M","-5.03%"
"10/26/2021","4,129.51","4,219.92","4,291.98","4,098.19","559.29K","-2.14%"
"10/25/2021","4,219.92","4,082.68","4,234.76","4,069.94","481.41K","3.36%"
"10/24/2021","4,082.80","4,168.80","4,184.00","3,965.84","507.63K","-2.06%"
"10/23/2021","4,168.85","3,970.94","4,169.33","3,938.79","487.03K","4.98%"
"10/22/2021","3,970.94","4,053.89","4,164.11","3,896.40","654.77K","-2.05%"
"10/21/2021","4,054.16","4,160.51","4,366.91","4,029.48","1.14M","-2.54%"
"10/20/2021","4,159.89","3,876.76","4,168.12","3,830.26","752.03K","7.30%"
"10/19/2021","3,876.78","3,745.46","3,884.34","3,733.78","488.60K","3.45%"
"10/18/2021","3,747.60","3,848.64","3,892.01","3,685.82","578.21K","-2.55%"
"10/17/2021","3,845.47","3,827.55","3,917.56","3,664.63","543.52K","0.47%"
"10/16/2021","3,827.55","3,869.05","3,967.43","3,804.55","527.61K","-1.02%"
"10/15/2021","3,866.90","3,790.34","3,904.91","3,735.21","721.14K","2.02%"
"10/14/2021","3,790.41","3,607.36","3,820.47","3,588.24","697.09K","5.08%"
"10/13/2021","3,607.28","3,491.08","3,612.04","3,416.00","557.18K","3.36%"
"10/12/2021","3,489.90","3,541.49","3,545.35","3,404.49","609.89K","-1.56%"
"10/11/2021","3,545.06","3,414.93","3,622.53","3,381.43","683.24K","3.81%"
"10/10/2021","3,415.03","3,574.52","3,599.18","3,409.22","767.49K","-4.45%"
"10/09/2021","3,574.20","3,559.96","3,626.11","3,541.40","464.11K","0.42%"
"10/08/2021","3,559.42","3,586.91","3,668.35","3,537.24","681.74K","-0.74%"
"10/07/2021","3,586.00","3,575.43","3,650.18","3,473.47","826.29K","0.30%"
"10/06/2021","3,575.41","3,515.35","3,627.19","3,345.56","1.05M","1.65%"
"10/05/2021","3,517.26","3,383.32","3,540.83","3,365.28","663.88K","3.97%"
"10/04/2021","3,382.90","3,417.26","3,436.34","3,273.22","826.83K","-1.01%"
"10/03/2021","3,417.34","3,388.83","3,485.48","3,346.63","642.59K","0.84%"
"10/02/2021","3,388.97","3,309.14","3,467.95","3,265.97","778.15K","2.41%"
"10/01/2021","3,309.13","2,999.86","3,329.32","2,972.75","1.14M","10.28%"
"09/30/2021","3,000.59","2,851.06","3,047.08","2,837.68","968.23K","5.23%"
"09/29/2021","2,851.50","2,807.15","2,948.50","2,784.66","728.86K","1.57%"
"09/28/2021","2,807.28","2,926.04","2,969.18","2,791.42","896.28K","-4.07%"
"09/27/2021","2,926.24","3,061.86","3,163.86","2,926.24","865.30K","-4.48%"
"09/26/2021","3,063.51","2,922.47","3,113.65","2,740.12","1.33M","4.82%"
"09/25/2021","2,922.55","2,928.59","2,965.48","2,812.70","975.49K","-0.21%"
"09/24/2021","2,928.57","3,152.92","3,158.38","2,740.06","1.74M","-7.12%"
"09/23/2021","3,152.92","3,077.80","3,173.00","3,035.96","841.54K","2.44%"
"09/22/2021","3,077.78","2,764.71","3,087.97","2,740.58","1.19M","11.45%"
"09/21/2021","2,761.52","2,976.70","3,101.88","2,659.71","1.79M","-7.21%"
"09/20/2021","2,976.05","3,328.49","3,344.04","2,931.64","1.72M","-10.61%"
"09/19/2021","3,329.12","3,435.92","3,455.67","3,282.85","614.00K","-3.11%"
"09/18/2021","3,435.97","3,398.55","3,539.50","3,371.33","600.19K","1.10%"
"09/17/2021","3,398.65","3,569.92","3,592.20","3,352.32","748.10K","-4.78%"
"09/16/2021","3,569.43","3,612.23","3,672.68","3,488.53","195.79K","-1.18%"
"09/15/2021","3,611.90","3,430.36","3,612.29","3,361.63","790.27K","5.34%"
"09/14/2021","3,428.87","3,284.65","3,428.87","3,270.91","720.34K","4.39%"
"09/13/2021","3,284.52","3,408.17","3,429.24","3,118.66","1.34M","-3.63%"
"09/12/2021","3,408.28","3,267.33","3,469.50","3,231.87","805.97K","4.31%"
"09/11/2021","3,267.33","3,209.37","3,345.37","3,202.41","732.95K","1.87%"
"09/10/2021","3,207.27","3,423.87","3,512.90","3,156.28","1.21M","-6.32%"
"09/09/2021","3,423.51","3,498.92","3,564.30","3,395.94","1.09M","-2.05%"
"09/08/2021","3,495.10","3,424.35","3,557.67","3,221.60","780.68K","2.10%"
"09/07/2021","3,423.12","3,926.84","3,945.79","3,061.30","2.47M","-12.84%"
"09/06/2021","3,927.21","3,950.20","3,968.20","3,867.55","764.56K","-0.59%"
"09/05/2021","3,950.62","3,885.40","3,981.22","3,834.74","714.16K","1.69%"
"09/04/2021","3,884.97","3,938.45","3,968.33","3,844.07","672.53K","-1.30%"
"09/03/2021","3,936.29","3,785.85","4,024.89","3,715.97","1.20M","3.96%"
"09/02/2021","3,786.19","3,826.90","3,833.89","3,723.42","928.70K","-1.21%"
"09/01/2021","3,832.73","3,429.65","3,839.91","3,384.82","1.48M","11.72%"
"08/31/2021","3,430.74","3,228.23","3,467.42","3,191.34","1.52M","6.36%"
"08/30/2021","3,225.67","3,222.43","3,345.72","3,145.53","966.58K","0.11%"
"08/29/2021","3,222.16","3,243.96","3,282.21","3,155.31","643.73K","-0.67%"
"08/28/2021","3,243.90","3,273.78","3,284.58","3,212.24","466.21K","-0.91%"
"08/27/2021","3,273.58","3,093.78","3,279.93","3,063.37","839.54K","5.82%"
"08/26/2021","3,093.54","3,228.03","3,249.62","3,057.48","118.44K","-4.17%"
"08/25/2021","3,228.15","3,172.12","3,247.43","3,080.70","923.13K","1.73%"
"08/24/2021","3,173.26","3,322.60","3,357.99","3,150.75","988.82K","-4.41%"
"08/23/2021","3,319.49","3,238.41","3,375.42","3,231.96","1.09M","2.49%"
"08/22/2021","3,238.70","3,224.17","3,271.94","3,128.98","747.65K","0.46%"
"08/21/2021","3,223.96","3,285.12","3,307.33","3,200.19","768.74K","-1.83%"
"08/20/2021","3,284.21","3,184.83","3,300.36","3,179.18","739.32K","3.12%"
"08/19/2021","3,184.82","3,016.92","3,185.51","2,962.04","844.13K","5.57%"
"08/18/2021","3,016.91","3,012.62","3,124.51","2,951.04","750.74K","0.08%"
"08/17/2021","3,014.58","3,147.67","3,290.03","2,993.63","1.06M","-4.23%"
"08/16/2021","3,147.65","3,307.96","3,334.22","3,138.37","859.09K","-4.87%"
"08/15/2021","3,308.87","3,264.56","3,318.61","3,115.34","782.81K","1.35%"
"08/14/2021","3,264.69","3,322.25","3,328.38","3,209.45","658.60K","-1.74%"
"08/13/2021","3,322.43","3,043.20","3,324.53","3,035.52","795.54K","9.16%"
"08/12/2021","3,043.61","3,160.17","3,236.28","2,981.35","965.63K","-3.79%"
"08/11/2021","3,163.66","3,140.86","3,269.70","3,122.67","950.12K","0.73%"
"08/10/2021","3,140.71","3,162.81","3,232.02","3,057.84","1.12M","-0.70%"
"08/09/2021","3,162.93","3,011.88","3,184.84","2,899.24","1.44M","5.01%"
"08/08/2021","3,012.07","3,158.30","3,188.49","2,949.66","1.25M","-4.62%"
"08/07/2021","3,158.00","2,889.58","3,169.74","2,867.58","64.84K","9.29%"
"08/06/2021","2,889.43","2,827.23","2,946.62","2,726.04","1.06M","2.20%"
"08/05/2021","2,827.21","2,725.28","2,842.95","2,533.51","1.65M","3.74%"
"08/04/2021","2,725.29","2,506.50","2,766.46","2,462.32","1.23M","8.72%"
"08/03/2021","2,506.65","2,608.01","2,631.43","2,445.49","158.45K","-3.89%"
"08/02/2021","2,608.04","2,556.07","2,664.73","2,513.51","970.67K","2.03%"
"08/01/2021","2,556.23","2,530.94","2,696.38","2,515.26","1.20M","0.95%"
"07/31/2021","2,532.19","2,461.08","2,551.68","2,421.70","507.08K","2.89%"
"07/30/2021","2,460.95","2,380.59","2,467.40","2,320.80","1.03M","3.36%"
"07/29/2021","2,380.93","2,299.46","2,397.71","2,269.15","642.75K","3.56%"
"07/28/2021","2,299.11","2,300.21","2,343.49","2,246.23","968.94K","-0.05%"
"07/27/2021","2,300.22","2,230.24","2,318.68","2,152.92","1.25M","3.17%"
"07/26/2021","2,229.53","2,189.74","2,430.01","2,174.44","1.89M","1.81%"
"07/25/2021","2,189.79","2,166.98","2,195.03","2,108.74","786.94K","1.76%"
"07/24/2021","2,151.85","2,124.00","2,162.29","2,106.71","907.11K","1.33%"
"07/23/2021","2,123.61","2,024.51","2,129.66","2,000.27","961.67K","4.89%"
"07/22/2021","2,024.58","1,994.61","2,043.26","1,952.31","1.02M","1.51%"
"07/21/2021","1,994.49","1,786.18","2,029.51","1,758.64","1.51M","11.67%"
"07/20/2021","1,786.07","1,818.07","1,840.36","1,720.70","1.20M","-1.76%"
"07/19/2021","1,818.07","1,891.43","1,915.15","1,807.19","802.78K","-3.93%"
"07/18/2021","1,892.42","1,898.01","1,988.24","1,881.60","829.77K","-0.29%"
"07/17/2021","1,897.98","1,877.00","1,917.80","1,851.97","623.52K","1.05%"
"07/16/2021","1,878.20","1,917.21","1,960.21","1,852.42","619.62K","-2.03%"
"07/15/2021","1,917.21","1,994.73","2,038.91","1,884.81","645.06K","-3.88%"
"07/14/2021","1,994.64","1,940.48","2,017.99","1,868.45","1.05M","2.78%"
"07/13/2021","1,940.72","2,035.09","2,042.61","1,920.62","717.85K","-4.64%"
"07/12/2021","2,035.09","2,139.44","2,167.60","2,008.66","540.10K","-4.87%"
"07/11/2021","2,139.35","2,110.90","2,173.34","2,081.62","724.84K","1.34%"
"07/10/2021","2,111.12","2,146.15","2,191.30","2,078.43","929.32K","-1.62%"
"07/09/2021","2,145.89","2,120.05","2,185.62","2,066.09","1.42M","1.21%"
"07/08/2021","2,120.22","2,316.21","2,322.47","2,095.92","1.82M","-8.48%"
"07/07/2021","2,316.57","2,322.74","2,402.68","2,296.43","1.32M","-0.26%"
"07/06/2021","2,322.72","2,196.25","2,347.47","2,194.20","1.78M","5.76%"
"07/05/2021","2,196.16","2,322.60","2,322.60","2,163.09","822.95K","-5.47%"
"07/04/2021","2,323.22","2,224.70","2,386.20","2,222.95","1.39M","4.43%"
"07/03/2021","2,224.70","2,154.53","2,236.97","2,115.80","1.28M","3.25%"
"07/02/2021","2,154.78","2,108.58","2,158.70","2,019.75","1.39M","2.17%"
"07/01/2021","2,109.11","2,274.50","2,274.63","2,077.56","1.71M","-7.24%"
"06/30/2021","2,273.84","2,158.32","2,281.55","2,090.61","1.90M","5.33%"
"06/29/2021","2,158.71","2,083.48","2,241.86","2,076.17","898.06K","3.63%"
"06/28/2021","2,083.09","1,981.24","2,142.84","1,962.89","2.19M","5.21%"
"06/27/2021","1,979.88","1,830.42","1,980.70","1,808.59","1.87M","8.15%"
"06/26/2021","1,830.62","1,810.53","1,850.40","1,719.32","1.99M","1.11%"
"06/25/2021","1,810.57","1,989.77","2,017.47","1,793.47","1.65M","-8.98%"
"06/24/2021","1,989.14","1,968.76","2,033.96","1,886.74","1.64M","1.05%"
"06/23/2021","1,968.39","1,877.28","2,043.10","1,823.57","1.77M","4.89%"
"06/22/2021","1,876.66","1,890.95","1,994.32","1,707.24","2.84M","-0.77%"
"06/21/2021","1,891.18","2,244.25","2,257.86","1,868.32","2.69M","-15.72%"
"06/20/2021","2,243.86","2,166.30","2,276.83","2,045.03","1.42M","3.55%"
"06/19/2021","2,166.91","2,229.53","2,276.70","2,164.14","1.08M","-2.81%"
"06/18/2021","2,229.53","2,372.10","2,376.62","2,142.74","778.79K","-5.99%"
"06/17/2021","2,371.62","2,367.78","2,459.11","2,309.08","1.06M","0.18%"
"06/16/2021","2,367.28","2,544.35","2,552.12","2,353.24","1.37M","-6.94%"
"06/15/2021","2,543.83","2,581.42","2,637.90","2,512.39","1.95M","-1.46%"
"06/14/2021","2,581.48","2,508.49","2,606.91","2,467.61","1.79M","2.92%"
"06/13/2021","2,508.27","2,368.68","2,547.90","2,311.96","1.62M","5.90%"
"06/12/2021","2,368.47","2,351.45","2,448.04","2,260.80","1.80M","0.72%"
"06/11/2021","2,351.45","2,470.04","2,493.48","2,324.21","587.18K","-4.80%"
"06/10/2021","2,469.97","2,607.45","2,615.46","2,432.41","1.29M","-5.23%"
"06/09/2021","2,606.23","2,507.86","2,620.74","2,408.37","2.32M","3.81%"
"06/08/2021","2,510.65","2,592.12","2,618.70","2,320.64","75.18K","-3.16%"
"06/07/2021","2,592.63","2,713.52","2,842.88","2,581.24","3.01M","-4.46%"
"06/06/2021","2,713.66","2,628.43","2,743.53","2,614.48","756.36K","3.22%"
"06/05/2021","2,628.98","2,688.75","2,814.02","2,555.98","2.55M","-2.14%"
"06/04/2021","2,686.50","2,856.63","2,856.63","2,557.71","2.47M","-5.85%"
"06/03/2021","2,853.35","2,705.05","2,889.19","2,666.39","1.09M","5.44%"
"06/02/2021","2,706.10","2,633.74","2,801.00","2,554.88","2.60M","2.75%"
"06/01/2021","2,633.67","2,707.94","2,738.23","2,529.73","2.45M","-2.76%"
"05/31/2021","2,708.47","2,386.93","2,713.98","2,279.42","2.83M","13.51%"
"05/30/2021","2,386.10","2,276.97","2,465.84","2,181.93","2.80M","4.83%"
"05/29/2021","2,276.07","2,411.68","2,567.42","2,207.21","2.94M","-5.73%"
"05/28/2021","2,414.29","2,742.39","2,760.17","2,332.43","3.26M","-11.75%"
"05/27/2021","2,735.88","2,885.02","2,885.87","2,638.62","2.39M","-5.16%"
"05/26/2021","2,884.66","2,705.69","2,908.37","2,648.10","2.66M","6.64%"
"05/25/2021","2,705.09","2,647.27","2,747.49","2,388.81","3.28M","2.20%"
"05/24/2021","2,646.79","2,101.30","2,667.20","2,080.87","3.24M","25.96%"
"05/23/2021","2,101.34","2,292.68","2,379.89","1,739.91","3.52M","-8.30%"
"05/22/2021","2,291.60","2,433.09","2,481.06","2,162.84","2.82M","-5.82%"
"05/21/2021","2,433.11","2,766.88","2,931.66","2,111.42","4.23M","-12.40%"
"05/20/2021","2,777.55","2,436.59","2,988.52","2,163.40","4.33M","14.04%"
"05/19/2021","2,435.69","3,376.22","3,434.01","1,922.25","6.42M","-27.89%"
"05/18/2021","3,377.55","3,280.50","3,558.57","3,244.93","2.30M","2.98%"
"05/17/2021","3,279.68","3,582.19","3,582.27","3,130.12","2.85M","-8.44%"
"05/16/2021","3,582.12","3,643.67","3,877.20","3,351.92","2.28M","-1.63%"
"05/15/2021","3,641.65","4,074.57","4,129.99","3,639.12","1.94M","-10.64%"
"05/14/2021","4,075.38","3,719.46","4,171.76","3,694.54","2.06M","9.56%"
"05/13/2021","3,719.62","3,807.50","4,031.99","3,539.96","3.21M","-2.42%"
"05/12/2021","3,811.77","4,173.61","4,366.10","3,794.15","2.78M","-8.54%"
"05/11/2021","4,167.78","3,948.66","4,177.53","3,781.86","1.27M","5.57%"
"05/10/2021","3,947.90","3,923.48","4,203.98","3,669.84","2.70M","0.65%"
"05/09/2021","3,922.23","3,905.69","3,979.77","3,734.44","1.94M","0.43%"
"05/08/2021","3,905.55","3,479.81","3,952.88","3,453.37","1.34M","12.19%"
"05/07/2021","3,481.22","3,490.83","3,583.34","3,363.56","1.35M","-0.24%"
"05/06/2021","3,489.52","3,522.74","3,601.59","3,380.60","1.51M","-0.94%"
"05/05/2021","3,522.76","3,284.31","3,540.78","3,228.86","1.87M","7.18%"
"05/04/2021","3,286.71","3,429.48","3,516.34","3,188.90","2.74M","-4.16%"
"05/03/2021","3,429.37","2,950.07","3,451.44","2,950.07","2.32M","16.24%"
"05/02/2021","2,950.33","2,945.04","2,984.52","2,854.12","1.30M","0.19%"
"05/01/2021","2,944.66","2,772.27","2,951.74","2,753.60","1.51M","6.20%"
"04/30/2021","2,772.78","2,757.02","2,797.61","2,726.03","1.52M","0.56%"
"04/29/2021","2,757.36","2,746.51","2,797.52","2,670.35","1.65M","0.39%"
"04/28/2021","2,746.54","2,665.83","2,759.03","2,562.74","1.74M","3.05%"
"04/27/2021","2,665.24","2,531.07","2,677.95","2,484.44","1.45M","5.22%"
"04/26/2021","2,533.12","2,320.63","2,539.80","2,305.97","1.79M","9.35%"
"04/25/2021","2,316.48","2,217.23","2,355.20","2,169.91","1.02M","4.54%"
"04/24/2021","2,215.93","2,367.35","2,367.46","2,159.60","1.61M","-6.39%"
"04/23/2021","2,367.31","2,398.95","2,440.21","2,119.26","3.46M","-1.41%"
"04/22/2021","2,401.10","2,360.32","2,642.99","2,313.46","3.17M","1.71%"
"04/21/2021","2,360.81","2,331.84","2,467.51","2,238.15","2.10M","1.23%"
"04/20/2021","2,332.14","2,161.06","2,345.18","2,058.00","1.86M","7.94%"
"04/19/2021","2,160.63","2,236.10","2,275.87","2,081.30","1.90M","-3.42%"
"04/18/2021","2,237.17","2,317.88","2,338.53","1,948.93","2.76M","-3.50%"
"04/17/2021","2,318.33","2,424.12","2,493.93","2,314.12","1.73M","-4.33%"
"04/16/2021","2,423.18","2,514.55","2,544.54","2,302.30","2.08M","-3.62%"
"04/15/2021","2,514.22","2,432.90","2,541.90","2,402.75","1.91M","3.40%"
"04/14/2021","2,431.56","2,299.25","2,445.40","2,281.49","2.11M","5.72%"
"04/13/2021","2,299.93","2,137.55","2,315.47","2,136.49","2.38M","7.58%"
"04/12/2021","2,137.81","2,150.79","2,199.52","2,103.73","2.16M","-0.63%"
"04/11/2021","2,151.42","2,133.89","2,164.76","2,114.55","1.97M","0.83%"
"04/10/2021","2,133.79","2,067.26","2,197.73","2,058.23","2.09M","3.23%"
"04/09/2021","2,066.93","2,080.20","2,101.07","2,050.39","2.47M","-0.62%"
"04/08/2021","2,079.92","1,962.44","2,084.08","1,951.83","1.73M","6.04%"
"04/07/2021","1,961.46","2,112.41","2,128.25","1,939.64","2.30M","-7.11%"
"04/06/2021","2,111.53","2,108.81","2,150.78","2,047.48","1.93M","0.24%"
"04/05/2021","2,106.41","2,076.14","2,127.89","2,004.05","2.31M","1.47%"
"04/04/2021","2,075.94","2,007.82","2,091.31","1,982.00","1.59M","3.35%"
"04/03/2021","2,008.59","2,134.66","2,137.68","2,004.40","2.01M","-5.90%"
"04/02/2021","2,134.55","1,968.12","2,144.11","1,949.99","2.47M","8.47%"
"04/01/2021","1,967.96","1,918.82","1,983.84","1,897.38","2.08M","2.61%"
"03/31/2021","1,917.99","1,841.01","1,945.40","1,774.66","2.59M","4.18%"
"03/30/2021","1,841.01","1,816.92","1,857.65","1,788.60","3.03M","1.34%"
"03/29/2021","1,816.69","1,686.88","1,839.41","1,678.38","1.94M","7.70%"
"03/28/2021","1,686.80","1,712.89","1,724.74","1,661.92","1.31M","-1.53%"
"03/27/2021","1,713.01","1,698.68","1,731.73","1,667.12","1.40M","0.85%"
"03/26/2021","1,698.60","1,586.36","1,699.27","1,586.28","1.64M","7.06%"
"03/25/2021","1,586.54","1,582.23","1,621.32","1,550.11","1.54M","0.26%"
"03/24/2021","1,582.38","1,668.42","1,739.82","1,546.48","1.88M","-5.13%"
"03/23/2021","1,667.90","1,681.50","1,720.01","1,654.14","1.46M","-0.86%"
"03/22/2021","1,682.37","1,783.58","1,806.62","1,659.28","1.58M","-5.68%"
"03/21/2021","1,783.72","1,804.60","1,815.85","1,748.47","1.43M","-1.16%"
"03/20/2021","1,804.60","1,809.09","1,868.09","1,801.60","27.03K","-0.28%"
"03/19/2021","1,809.64","1,775.87","1,848.88","1,735.42","1.20M","1.89%"
"03/18/2021","1,776.08","1,823.72","1,849.23","1,760.83","1.53M","-2.59%"
"03/17/2021","1,823.35","1,804.56","1,837.88","1,743.62","1.50M","1.03%"
"03/16/2021","1,804.85","1,792.08","1,817.35","1,715.97","1.81M","0.70%"
"03/15/2021","1,792.38","1,848.18","1,890.59","1,745.04","1.70M","-3.07%"
"03/14/2021","1,849.06","1,921.29","1,932.36","1,836.78","671.56K","-3.75%"
"03/13/2021","1,921.13","1,767.05","1,943.36","1,730.46","1.79M","8.73%"
"03/12/2021","1,766.90","1,827.44","1,841.19","1,723.18","1.52M","-3.23%"
"03/11/2021","1,825.79","1,794.28","1,845.32","1,729.05","1.58M","1.76%"
"03/10/2021","1,794.14","1,869.32","1,875.98","1,759.50","1.66M","-4.01%"
"03/09/2021","1,869.10","1,831.57","1,869.10","1,801.29","1.58M","2.05%"
"03/08/2021","1,831.49","1,727.17","1,841.05","1,665.54","1.97M","5.98%"
"03/07/2021","1,728.10","1,650.94","1,732.84","1,634.73","1.69M","4.78%"
"03/06/2021","1,649.19","1,530.24","1,670.01","1,514.62","2.07M","7.77%"
"03/05/2021","1,530.29","1,539.73","1,548.71","1,443.32","1.67M","-0.54%"
"03/04/2021","1,538.61","1,567.84","1,623.73","1,506.86","1.70M","-2.06%"
"03/03/2021","1,571.05","1,488.80","1,653.04","1,477.72","1.17M","5.54%"
"03/02/2021","1,488.62","1,570.00","1,602.13","1,457.22","1.74M","-5.18%"
"03/01/2021","1,570.03","1,418.91","1,571.15","1,411.55","1.92M","10.66%"
"02/28/2021","1,418.76","1,458.84","1,467.76","1,294.79","2.07M","-2.75%"
"02/27/2021","1,458.93","1,445.69","1,527.69","1,427.15","1.56M","0.93%"
"02/26/2021","1,445.44","1,476.77","1,561.66","1,403.30","2.13M","-2.08%"
"02/25/2021","1,476.15","1,623.76","1,669.24","1,460.92","1.75M","-9.09%"
"02/24/2021","1,623.71","1,578.27","1,711.16","1,505.79","2.19M","2.89%"
"02/23/2021","1,578.11","1,777.25","1,781.44","1,370.45","3.60M","-11.21%"
"02/22/2021","1,777.28","1,933.52","1,935.04","1,561.68","2.68M","-8.08%"
"02/21/2021","1,933.45","1,912.97","1,974.99","1,885.70","1.47M","1.02%"
"02/20/2021","1,913.88","1,955.54","2,040.79","1,800.00","2.29M","-2.13%"
"02/19/2021","1,955.59","1,934.17","1,968.93","1,892.70","1.78M","1.11%"
"02/18/2021","1,934.16","1,849.95","1,950.04","1,849.05","881.87K","4.66%"
"02/17/2021","1,847.95","1,781.44","1,854.03","1,734.15","1.69M","3.72%"
"02/16/2021","1,781.69","1,778.63","1,827.07","1,726.78","1.48M","0.16%"
"02/15/2021","1,778.82","1,800.60","1,835.51","1,661.09","1.94M","-1.27%"
"02/14/2021","1,801.78","1,815.44","1,850.00","1,787.11","1.43M","-0.76%"
"02/13/2021","1,815.49","1,840.90","1,871.36","1,766.05","1.44M","-1.39%"
"02/12/2021","1,841.02","1,786.74","1,862.17","1,741.04","1.75M","3.06%"
"02/11/2021","1,786.35","1,742.11","1,817.68","1,704.97","1.56M","2.54%"
"02/10/2021","1,742.09","1,770.81","1,835.40","1,683.52","2.01M","-1.61%"
"02/09/2021","1,770.63","1,750.19","1,818.94","1,711.40","1.94M","1.17%"
"02/08/2021","1,750.18","1,612.98","1,775.12","1,566.43","2.17M","8.50%"
"02/07/2021","1,612.99","1,676.62","1,692.29","1,491.68","1.94M","-3.80%"
"02/06/2021","1,676.63","1,719.11","1,742.90","1,648.03","1.78M","-2.48%"
"02/05/2021","1,719.20","1,593.91","1,760.09","1,589.28","1.80M","7.85%"
"02/04/2021","1,594.00","1,664.19","1,693.64","1,570.45","2.34M","-4.23%"
"02/03/2021","1,664.34","1,511.96","1,667.93","1,510.27","2.27M","10.12%"
"02/02/2021","1,511.36","1,373.31","1,546.88","1,361.63","2.73M","10.04%"
"02/01/2021","1,373.40","1,312.69","1,376.44","1,272.09","1.65M","4.62%"
"01/31/2021","1,312.73","1,377.05","1,380.04","1,282.41","1.54M","-4.67%"
"01/30/2021","1,376.96","1,379.78","1,405.78","1,327.66","1.59M","-0.17%"
"01/29/2021","1,379.30","1,329.16","1,436.27","1,288.26","3.33M","3.83%"
"01/28/2021","1,328.47","1,247.67","1,359.51","1,221.15","814.31K","6.48%"
"01/27/2021","1,247.62","1,366.14","1,372.31","1,210.40","2.90M","-8.68%"
"01/26/2021","1,366.27","1,317.67","1,377.94","1,246.45","2.56M","3.67%"
"01/25/2021","1,317.90","1,390.69","1,474.68","1,298.13","2.77M","-5.21%"
"01/24/2021","1,390.28","1,233.41","1,398.00","1,222.14","2.30M","12.72%"
"01/23/2021","1,233.40","1,234.34","1,271.65","1,196.94","1.46M","-0.10%"
"01/22/2021","1,234.58","1,118.01","1,272.85","1,045.02","2.94M","10.49%"
"01/21/2021","1,117.33","1,377.63","1,387.39","1,095.26","2.76M","-18.89%"
"01/20/2021","1,377.53","1,372.00","1,406.56","1,237.27","3.05M","0.40%"
"01/19/2021","1,372.00","1,258.10","1,437.42","1,252.36","2.27M","9.06%"
"01/18/2021","1,258.06","1,233.93","1,260.30","1,184.15","1.73M","2.06%"
"01/17/2021","1,232.64","1,228.33","1,269.01","1,168.39","2.15M","0.36%"
"01/16/2021","1,228.27","1,172.12","1,290.92","1,154.04","2.29M","4.83%"
"01/15/2021","1,171.68","1,233.34","1,256.13","1,079.19","2.85M","-4.44%"
"01/14/2021","1,226.17","1,128.80","1,246.52","1,088.52","1.55M","8.66%"
"01/13/2021","1,128.46","1,050.20","1,134.66","990.96","2.25M","7.45%"
"01/12/2021","1,050.19","1,086.96","1,149.19","1,008.28","3.09M","-3.78%"
"01/11/2021","1,091.47","1,255.84","1,257.30","917.96","4.19M","-13.10%"
"01/10/2021","1,256.04","1,275.87","1,347.98","1,180.45","2.65M","-1.53%"
"01/09/2021","1,275.58","1,215.92","1,301.75","1,172.39","1.99M","4.92%"
"01/08/2021","1,215.73","1,224.33","1,271.08","1,069.25","2.71M","-0.70%"
"01/07/2021","1,224.35","1,208.71","1,286.81","1,153.09","2.71M","1.37%"
"01/06/2021","1,207.77","1,099.77","1,210.78","1,060.67","3.75M","9.85%"
"01/05/2021","1,099.52","1,042.48","1,131.56","976.91","3.25M","5.48%"
"01/04/2021","1,042.40","977.76","1,158.27","894.24","5.19M","6.92%"
"01/03/2021","974.97","774.54","1,008.49","769.57","4.02M","25.88%"
"01/02/2021","774.50","729.00","787.26","715.15","2.25M","6.22%"
"01/01/2021","729.12","735.87","748.96","715.74","1.64M","-0.93%"